Drug,Protein
0,7635
1,10633
1,6405
1,15094
1,7635
1,5018
2,15094
2,7635
3,7635
4,15094
4,7635
5,7635
6,7635
7,7635
8,9515
9,11237
9,9287
10,5018
11,12685
12,11647
12,89
12,6300
13,2752
14,11647
15,18112
15,5717
15,10784
15,15554
15,3148
15,13718
15,16516
15,6422
15,9935
15,8812
15,12254
15,14606
15,9861
15,540
15,10912
15,6562
15,697
15,16767
15,3842
15,13939
15,18689
15,12494
15,13739
15,5512
15,1437
15,15654
15,2780
15,16009
16,8088
16,12154
16,8694
17,4858
18,11237
18,12042
20,4858
20,15910
20,5018
20,15547
20,6720
20,14798
21,3143
21,10877
24,1926
24,11907
24,15452
24,10703
25,18864
25,10538
25,4941
25,13294
26,16734
26,13724
26,3671
28,5018
28,2980
28,15295
28,9618
28,10385
28,13908
28,13717
28,14425
28,17734
28,14175
28,13167
28,628
28,10332
28,5841
28,11047
28,11473
28,538
29,12003
29,6107
29,7137
29,14898
29,15145
29,1188
30,18112
30,10784
30,8256
31,14609
31,12947
32,3143
32,9835
32,9508
32,14609
32,5018
32,7095
32,6583
33,4858
33,15910
33,5018
33,15547
33,6720
33,14798
34,9513
34,16209
35,15486
35,11864
35,2696
35,6657
35,5666
35,8080
35,8997
36,18832
37,18061
37,7092
37,17695
37,14712
37,9579
37,10769
37,14654
37,2519
37,14886
38,17989
39,9010
39,7148
39,6029
40,16153
40,9345
40,9808
40,17444
40,8530
40,7294
40,3635
40,8832
40,14521
40,11114
40,18114
40,8896
40,7655
40,10392
40,13305
40,3716
40,16660
40,7936
41,2875
41,3496
41,15950
41,4996
41,14277
41,4116
41,14936
41,15523
41,13568
41,2173
41,2597
41,16694
41,14296
41,1315
41,10333
41,5453
41,17124
41,9845
41,1625
41,5725
41,2156
41,10656
41,14724
41,763
41,1596
41,9542
41,14692
41,11211
41,12813
41,9326
41,6082
42,3143
42,7245
42,16175
42,8354
42,5099
42,14957
42,14668
43,16153
43,9345
43,9808
43,8530
43,14521
43,18114
44,4117
44,7014
45,18112
45,2997
45,3087
45,10784
45,16631
45,9451
45,11501
45,4510
45,6029
46,18112
46,5717
46,10784
48,10719
48,2744
48,11237
49,16734
50,2545
50,7041
51,15295
51,13908
51,10385
51,9618
51,13717
51,2980
51,4467
51,4967
51,1583
51,642
51,14425
51,17734
51,14175
51,13167
51,628
51,10332
51,5841
51,11047
51,11473
51,538
52,10784
52,4116
52,5340
52,9845
52,7089
53,1819
54,3937
54,12298
55,3937
55,9935
55,12298
55,4685
56,4492
57,4439
57,5018
58,9896
59,18112
59,2997
59,3087
59,15910
59,10784
59,15586
59,18489
59,8941
59,17816
59,10932
60,9513
60,5912
60,9158
60,4527
60,6613
60,13935
61,3143
61,10719
61,2744
61,11237
61,16421
61,3917
61,10133
61,7958
61,16804
61,17068
61,6729
62,1971
62,16734
62,13724
62,4893
62,18375
62,11908
62,11775
62,7056
62,2559
63,17341
63,7635
64,12003
64,7137
64,15145
64,1188
65,6448
65,6337
66,11647
67,6912
68,12288
68,14445
68,16999
68,2933
68,3124
69,15094
69,14159
69,7635
70,11131
70,12998
71,15851
71,10121
71,17635
71,16413
71,7245
71,6594
71,13429
73,15094
73,7635
74,18112
74,10784
75,10719
75,2744
75,11237
77,4439
77,2361
77,1583
77,5018
77,3735
77,18395
77,8469
78,11237
79,11249
79,3575
79,12288
79,12003
79,14445
79,6107
79,9308
79,18640
79,16413
79,7137
79,7245
79,14898
79,15145
79,5527
79,13429
79,11967
79,16999
79,1188
79,15460
79,2933
80,10333
80,5453
81,18112
81,10784
83,2980
83,4467
83,4967
83,1583
83,5018
83,642
83,18045
83,3118
83,6228
83,1696
83,15560
83,15427
83,9049
84,7739
84,8997
85,2545
86,2997
86,5018
86,8687
87,3496
87,8221
87,15950
87,16694
87,14296
87,1315
87,4996
87,13223
87,10574
87,2173
87,11211
87,12813
87,9326
87,6082
88,9835
88,17341
88,7635
89,17342
89,11131
89,17692
89,6081
89,9804
90,12288
90,16999
91,11237
91,9287
92,2545
92,17374
92,2215
92,10826
92,10741
92,18169
92,8491
92,10766
92,544
92,11864
92,2696
92,2095
92,6957
92,2616
92,12328
92,13410
92,12630
92,7981
92,14942
92,15690
92,16136
92,8997
92,7914
92,9978
92,14936
92,13568
92,2875
93,4951
93,3874
93,8354
94,4439
94,17341
94,4541
94,2980
94,15295
94,9618
94,10385
94,13908
94,13717
94,14425
94,17734
94,14175
94,13167
94,628
94,10332
94,5841
94,11047
94,11473
94,538
95,13910
95,5018
96,17144
97,2875
97,14277
97,7981
97,2616
97,3309
97,8997
97,2095
97,8080
98,5305
98,13418
98,13810
98,7562
98,10397
98,5018
98,12356
98,5418
98,4370
98,5825
99,3143
99,11350
99,10857
99,3688
101,12288
101,16999
102,18112
102,10784
102,1551
103,12974
103,4319
103,4741
105,9896
106,9835
106,9508
106,17341
106,14159
106,11860
106,7635
106,5018
106,9818
106,1756
106,18256
106,15787
106,17374
106,2215
106,10826
106,10741
106,18169
106,8491
106,10766
106,544
106,11864
106,2696
106,2095
106,6957
106,2616
106,12328
106,13410
106,12630
106,7981
106,14942
106,15690
106,16136
106,8997
106,7914
106,9978
106,14936
106,13568
106,2875
107,15486
107,14221
107,2652
108,12288
108,12003
108,4951
108,7137
108,3874
108,16999
108,2249
108,8354
108,5014
108,2504
108,18006
108,10322
108,15555
108,13376
108,7473
108,7171
108,7960
108,10080
108,14427
108,4739
108,5912
109,11647
110,11237
111,18112
111,10784
112,1583
112,5018
112,3496
112,8221
112,15950
112,16694
112,14296
112,1315
112,4996
112,13223
112,10574
112,2173
113,11864
114,12288
114,12003
114,7137
114,14898
114,15145
114,16999
114,2249
114,1188
115,2545
116,6181
116,5912
117,14047
118,3143
118,7914
118,2616
118,14936
118,7137
118,15145
118,2506
118,1188
118,8354
118,13568
118,8997
119,12288
119,16999
120,6428
121,1369
121,6304
122,18061
122,7092
122,1211
122,1465
122,17695
122,14371
122,7320
122,16957
122,11341
122,6175
122,12841
122,16287
122,18635
122,9019
122,4088
122,5900
122,11660
122,2352
122,14886
122,18511
122,7952
122,629
122,15936
123,6428
124,9308
124,5527
124,15460
124,7137
124,15145
124,1188
124,12003
124,14898
124,6107
125,7635
126,16996
127,11131
127,9804
128,11131
129,333
129,4997
129,9793
129,1483
129,9452
129,3391
129,18587
129,12429
130,283
130,9798
131,3937
131,13866
131,16391
131,17744
131,6570
132,11131
133,16175
133,1583
133,13378
133,642
134,6044
135,9010
135,9262
135,1978
135,4896
135,13400
135,17737
135,9791
135,6029
136,18112
136,10784
137,11249
137,15851
137,4192
137,8177
137,12003
137,14445
137,6107
137,6228
137,17635
137,16413
137,7137
137,7245
137,14898
137,5527
137,13429
137,15460
137,2481
137,16795
138,2980
138,15295
138,9618
138,10385
138,13908
138,13717
138,14425
138,17734
138,14175
138,13167
138,628
138,10332
138,5841
138,11047
138,11473
138,538
139,3530
139,5807
140,14710
140,4171
141,11647
142,18112
142,10784
142,7468
142,8194
142,1437
142,6029
142,3965
143,18269
144,12003
144,14445
144,9308
144,5527
144,15460
145,9158
145,9328
146,6181
147,6428
148,6448
148,6720
149,17341
149,7635
150,11249
150,3575
150,14445
150,9308
150,14898
150,5527
150,15460
151,11452
151,9515
151,16330
152,2499
152,18123
153,12288
153,16999
154,11219
154,14175
155,3176
155,7616
156,18112
156,10784
157,10633
157,17144
157,16526
157,5018
157,16055
157,822
157,68
157,10577
157,2111
157,3198
157,5730
157,6821
157,14045
157,7426
157,15451
157,706
157,6556
157,2616
157,12328
157,13410
157,12630
157,7981
157,14942
157,15690
157,16136
157,16841
157,10350
157,10471
157,9339
157,10581
157,2083
157,3072
157,228
157,16595
157,243
157,6724
157,4653
157,11669
157,3071
157,12995
157,7051
157,15349
157,5235
157,1433
157,13019
157,12152
157,8306
157,11800
157,4737
157,9879
157,8713
157,12103
157,3143
157,2948
157,7632
157,17956
157,15151
157,18497
157,6421
157,14750
157,13031
157,6657
157,9784
157,5666
157,11985
157,13086
157,11392
157,4187
157,1151
157,9397
158,12288
158,16999
158,7137
158,15145
158,1188
159,17144
159,3198
159,11907
159,5018
160,13760
160,8984
160,9682
160,1798
160,8941
161,11249
161,15851
161,10121
161,6428
161,3575
161,10625
161,12288
161,12673
161,12003
161,14445
161,210
161,6107
161,9308
161,18640
161,98
161,10447
161,17635
161,16413
161,10524
161,7137
161,7245
161,6594
161,14898
161,15145
161,5527
161,9585
161,3874
161,13429
161,11967
161,16999
161,8354
161,15460
161,5549
161,2933
161,2481
161,5363
161,9402
161,18045
161,3118
161,6228
161,1696
161,15560
161,15427
161,9049
162,3143
162,4135
162,12288
162,1332
162,12003
162,6107
162,7137
162,14898
162,15145
162,16999
162,1188
162,6933
162,6999
162,9033
162,3788
162,6089
162,6556
162,706
163,17341
163,4473
163,14159
163,7635
164,18640
164,16413
164,4951
164,7245
164,8354
164,18707
165,11131
166,11249
166,3575
166,9308
166,5527
166,15460
167,7635
168,10784
168,2249
168,10817
168,2504
168,18205
168,13942
168,14857
169,18112
169,11319
169,9576
169,3087
169,13418
169,10784
169,6422
169,6938
169,16432
169,8380
170,11237
170,9287
171,12674
171,1211
171,10640
171,4183
172,14277
172,4116
172,15523
172,12538
172,2597
172,9845
172,10656
172,14692
173,4116
173,9682
173,11310
174,18112
174,2997
174,3087
174,10784
175,7635
176,17635
176,8354
177,12875
177,10352
178,14208
178,16293
178,6621
178,17743
178,4706
179,2959
180,6394
180,16055
181,17773
181,3148
182,18269
182,17918
182,9262
183,18789
183,15000
185,7635
186,11319
186,17745
186,18045
186,15560
186,6228
186,320
186,15427
186,3118
186,6422
186,8380
187,17635
188,17635
188,782
189,2616
189,17374
190,6181
190,3087
192,15366
192,16799
192,6089
193,12034
193,16634
194,4951
194,3874
194,8354
194,1622
194,15636
194,8177
195,15094
195,7635
196,11249
196,3575
196,12003
196,14445
196,6107
196,9308
196,18640
196,16413
196,7245
196,14898
196,5527
196,11967
196,15460
196,2933
197,8984
197,9682
198,12974
198,4319
199,9143
199,17554
199,4688
199,2127
199,3838
199,16118
199,5589
199,10466
200,17635
201,3143
201,8354
202,6428
202,17635
202,1834
202,16432
204,16999
205,10004
206,581
206,7066
206,5772
206,14658
206,7092
206,7430
206,17695
206,14382
206,4214
206,12514
207,2616
207,12328
207,13410
207,12630
207,7981
207,14942
207,15690
207,16136
207,7914
208,5164
208,13826
209,11249
209,4192
209,14636
209,3575
209,14445
209,210
209,9308
209,4951
209,5527
209,3874
209,13429
209,8354
209,15460
209,6326
209,6774
210,581
210,7066
210,14658
210,7092
210,7430
210,17695
210,14712
210,9579
211,17342
211,2249
211,1973
211,11204
211,14572
212,18112
212,10784
212,8530
213,11249
213,15851
213,10121
213,3575
213,210
213,9308
213,98
213,17635
213,16413
213,7137
213,7245
213,6594
213,15145
213,5527
213,15460
213,2481
213,12288
213,16999
213,3124
213,14445
213,2933
213,11967
213,10524
213,16990
213,2980
213,15295
213,9618
213,13908
213,10332
213,5841
213,11047
214,7137
214,15145
214,1188
215,4439
215,2361
215,847
215,12603
216,4663
217,16462
217,18504
217,12225
218,2545
219,12003
219,14898
220,4590
220,5018
221,12288
221,14445
221,16999
221,2933
221,3124
222,12288
222,16999
223,16634
224,5421
225,3143
225,17635
226,2997
226,16861
226,15358
226,3087
226,5239
226,9029
226,8194
226,4741
226,3496
226,8221
226,15950
226,16694
226,14296
226,1315
226,4996
226,13223
226,10574
226,2173
226,11211
226,12813
226,9326
226,6082
227,18635
228,11249
228,3575
228,14445
228,9308
228,18640
228,16413
228,7137
228,7245
228,15145
228,5527
228,11967
228,1188
228,15460
228,2933
228,12003
228,14898
228,6107
229,12288
229,16999
230,17635
230,6594
231,3937
232,4192
232,2762
232,7488
233,617
233,7380
233,15094
233,7635
234,11215
235,10121
235,6594
236,6394
237,14277
237,4116
237,15523
237,2980
237,9845
237,9978
237,3496
237,8221
237,15950
237,16694
237,14296
237,1315
237,4996
237,13223
237,10574
237,2173
237,2616
237,12328
237,13410
237,12630
237,7981
237,14942
237,15690
237,16136
237,13808
237,4467
237,18852
237,2232
237,13350
239,17635
240,11215
241,6428
241,12003
241,17635
241,16413
241,7137
241,13429
242,14445
242,17635
242,16413
242,4951
242,7137
242,7245
242,15145
242,1188
242,8354
242,15460
242,12003
242,14898
242,6107
242,12288
242,16999
242,3124
242,696
242,10121
242,6594
242,15851
242,98
242,12673
242,15636
242,8177
243,4516
243,6562
243,2558
244,15145
244,3874
246,7789
246,2616
246,5018
246,14942
246,12630
246,12328
246,7051
246,14936
246,13568
246,2875
248,2980
248,15295
248,9618
248,10385
248,13908
248,13717
248,14425
248,17734
248,14175
248,13167
248,628
248,10332
248,5841
248,11047
248,11473
248,538
249,10625
249,17635
249,7095
250,17635
251,15851
251,3143
251,10121
251,12673
251,14445
251,98
251,17635
251,16413
251,4951
251,7137
251,7245
251,6594
251,15145
251,3874
251,13429
251,1188
251,8354
251,15460
251,2481
251,12995
251,7051
251,14857
251,11249
251,3575
251,12103
252,12974
252,4319
252,4741
253,15851
253,10121
253,12673
253,98
253,6594
254,17635
255,4171
256,2997
256,10857
256,4910
256,1390
256,3688
257,17144
258,12288
258,16999
258,3124
260,15486
260,12288
260,12003
260,210
260,17635
260,16413
260,7137
260,9585
260,12694
260,15460
260,14221
260,2393
260,2980
260,15295
260,9618
260,10385
260,13908
260,13717
260,14425
260,17734
260,14175
260,13167
260,628
260,10332
260,5841
260,11047
260,11473
260,538
260,11249
260,3575
260,9978
260,3496
260,8221
260,15950
260,16694
260,14296
260,1315
260,4996
260,13223
260,10574
260,2173
261,11350
261,4541
262,18112
262,3087
262,13418
262,10784
262,16768
262,6422
262,13590
262,8380
263,10121
263,6594
263,15427
264,2616
264,11864
264,14942
264,12630
264,12328
265,17144
266,11131
267,14277
267,9682
268,2980
268,15295
268,9618
268,10385
268,13908
268,13717
268,14425
268,17734
268,14175
268,13167
268,628
268,10332
268,5841
268,11047
268,11473
268,538
268,12883
269,10784
269,4116
269,9845
270,4116
270,5527
270,15460
270,9845
271,15851
271,10121
271,6428
271,12673
271,98
271,7789
271,17635
271,6594
271,15460
271,7137
271,15145
271,1188
271,12003
271,14898
271,6107
271,3496
271,8221
271,15950
271,16694
271,14296
271,1315
271,4996
271,13223
271,10574
271,2173
271,3268
271,9473
271,3529
271,18651
271,13771
271,17616
271,13222
271,3363
271,10149
271,424
271,2946
271,18269
271,9018
271,8136
271,2668
271,3341
271,4302
271,11545
271,16841
271,10350
271,10471
271,9339
271,10581
271,2083
271,3072
271,228
271,16595
271,243
271,6724
271,4653
271,11669
271,3071
271,12995
271,7051
271,15349
271,5235
271,1433
271,13019
271,12152
271,8306
271,11800
271,4737
271,9879
271,8713
271,12103
271,3143
271,2948
271,7632
271,17956
271,15151
271,18497
271,6421
271,14750
271,13031
271,6657
271,9784
271,5666
271,11985
271,13086
271,11392
271,4187
271,1151
271,9397
272,15156
273,11131
274,3442
275,17635
276,15366
276,14116
276,14636
276,17326
276,10536
276,6293
276,17921
276,14511
276,1314
276,14459
276,14500
276,6339
276,4061
276,18472
276,17793
276,11866
276,9825
276,13983
276,8092
276,13009
276,2594
276,4021
276,6244
277,8530
277,16140
277,2545
278,18112
278,10784
279,10243
279,4116
279,5878
279,6211
279,18255
280,10784
280,13768
280,6918
280,18205
281,12288
281,16999
281,13739
281,14284
281,3124
281,12222
281,6951
281,6326
281,13543
282,15851
282,10121
282,12673
282,98
282,17635
282,6594
283,15029
284,11131
284,307
286,18640
286,17635
286,16413
286,4951
286,8354
286,15460
286,14445
286,2933
286,11967
286,10524
286,16990
286,7245
286,210
286,6774
286,5839
286,7667
286,2470
286,945
286,2481
286,13429
286,7137
286,15145
286,1188
286,12003
286,14898
286,6107
286,12288
286,16999
286,3124
286,11249
286,3575
286,10121
286,6594
286,15851
286,98
286,12673
287,6621
287,17095
287,18469
288,9682
288,15029
288,18707
288,1818
289,2302
290,17341
290,14159
290,7635
291,10352
291,18686
291,1586
291,11921
291,13620
292,17635
292,3874
293,18112
293,10784
294,8221
294,18045
294,15560
294,17635
294,4951
294,9049
294,15427
295,12288
295,16999
295,16636
296,14277
296,4116
296,15523
296,9845
296,10656
297,15851
297,10121
297,98
297,6594
298,18789
298,6073
298,7963
298,3887
298,15000
298,10702
298,13993
298,642
299,17635
300,17635
301,4632
302,4192
302,12288
302,12003
302,6107
302,7137
302,14898
302,15145
302,16999
302,1188
302,3634
302,3124
302,7488
303,11249
303,14445
303,6107
303,17635
303,16413
303,7137
303,7245
303,14898
303,15145
303,13429
303,11967
303,15460
304,16462
304,10225
305,17635
306,15851
306,10121
306,98
306,6594
307,18112
307,10784
308,11249
308,3575
308,12003
308,14445
308,6107
308,9308
308,18640
308,16413
308,7245
308,14898
308,5527
308,13429
308,11967
308,15460
308,2933
309,15851
309,3143
309,10121
309,12673
309,98
309,17635
309,6594
310,12288
310,12003
310,6107
310,7137
310,14898
310,15145
310,16999
310,1188
310,3634
310,3124
311,6869
311,8003
312,15486
312,16462
312,5925
312,14728
312,1978
312,14221
312,13400
312,6621
312,4741
312,8437
312,3615
312,2525
312,2025
312,12727
313,2616
313,11864
313,13568
313,14942
313,12630
313,12328
313,2696
314,10701
314,3794
315,4951
316,9835
316,17341
316,14159
316,7635
317,15910
318,2980
318,15295
318,9618
318,10385
318,13908
318,13717
318,14425
318,17734
318,14175
318,13167
318,628
318,10332
318,5841
318,11047
318,11473
318,538
319,9010
319,7148
319,18098
319,18340
320,17635
321,6448
321,15401
322,10719
322,2744
323,12210
323,7468
323,7244
323,14371
323,10251
323,4511
323,9272
323,8526
323,6855
323,5621
323,10399
323,7682
323,2841
323,16874
323,3966
323,16289
323,2893
323,18323
323,5927
323,7091
323,4465
323,6868
323,5945
323,9317
323,13369
323,15997
323,8484
323,15574
323,1265
323,6986
323,4158
323,12682
323,13672
323,17553
323,6370
323,4939
323,1227
323,9267
323,16044
323,2146
323,5388
323,2793
323,6416
323,14193
323,5439
323,10476
323,13183
323,8764
323,15410
323,17161
324,2997
325,11428
325,9504
325,16102
325,8525
326,7635
327,4319
327,4741
328,7635
329,3143
329,12003
329,7137
329,14898
329,15145
329,1188
330,2794
330,6907
331,3154
331,5038
331,997
331,6386
331,15940
331,860
332,11249
332,15851
332,10121
332,3575
332,12673
332,12003
332,14445
332,210
332,6107
332,9308
332,98
332,17635
332,16413
332,10524
332,7245
332,6594
332,14898
332,5527
332,13429
332,11967
332,15460
332,2933
332,2481
332,7137
332,15145
332,1188
333,8668
333,13728
333,8581
333,15882
334,4192
334,4951
334,3874
334,8354
334,15460
334,262
334,15187
334,10333
334,12288
334,16999
334,3124
334,7137
334,15145
334,1188
334,12003
334,14898
334,6107
334,5453
334,1356
335,6181
336,3143
336,17635
337,7789
337,2616
337,14159
337,11864
337,13568
337,735
337,14942
337,12630
337,12328
337,2696
337,7405
337,2612
337,2279
338,18112
338,10784
338,9063
338,9423
339,12288
339,4951
339,7137
339,16999
340,945
340,3143
340,210
340,16413
341,18147
341,7377
342,18147
342,7377
343,13642
343,5308
343,10054
343,4264
343,11011
343,12622
343,1584
343,8003
343,3658
343,8788
343,3769
343,6586
343,13881
343,14930
343,1713
343,16277
343,5634
343,7155
343,5608
343,12889
343,16432
343,4593
343,7399
344,15851
344,6594
345,11237
346,4117
346,11219
346,6228
346,6438
346,38
346,4711
346,4264
346,2980
346,15295
346,9618
346,10385
346,13908
346,13717
346,14425
346,17734
346,14175
346,13167
346,628
346,10332
346,5841
346,11047
346,11473
346,538
347,3649
348,4439
348,9835
349,617
349,10061
349,4439
349,2361
350,17466
350,13739
350,13718
350,5912
350,1437
350,6422
350,17965
350,7593
350,10630
350,17282
351,9345
351,14521
352,4439
352,9835
352,12099
352,17341
352,5336
353,7635
354,2980
354,15295
354,9618
354,10385
354,13908
354,13717
354,14425
354,17734
354,14175
354,13167
354,628
354,10332
354,5841
354,11047
354,11473
354,538
355,15160
356,89
356,5134
356,4648
357,12288
358,11249
358,3575
358,12003
358,6107
358,7137
358,14898
358,15145
358,1188
359,8602
359,1821
360,3143
360,7789
360,5527
360,15460
361,12003
361,6107
361,14898
362,2616
362,11864
362,13568
362,14942
362,12630
362,12328
362,2696
363,14277
363,4116
363,6394
364,11249
364,6428
364,12288
364,12003
364,14445
364,6107
364,9308
364,18640
364,17635
364,16413
364,7137
364,7245
364,14898
364,5527
364,13429
364,16999
364,15460
364,2933
364,2481
364,9402
365,617
365,7380
365,15094
365,7635
367,3143
367,15151
367,7137
367,15145
367,18497
367,1188
367,4056
368,210
368,4951
368,3874
368,14957
370,14247
371,4439
371,7380
371,9835
371,7635
372,4439
372,9835
372,14159
373,3496
373,2980
373,15295
373,9618
373,10385
373,13908
373,13717
373,14425
373,17734
373,14175
373,13167
373,628
373,10332
373,5841
373,11047
373,11473
373,538
375,2910
375,7593
375,4741
375,4098
375,3344
376,11249
376,7789
376,15460
378,18707
379,15486
379,1978
379,14221
379,13400
379,17737
379,9791
380,10701
382,6181
383,3143
383,4996
383,4171
384,1973
384,2126
385,6438
385,13135
385,15823
385,12694
385,16841
385,2980
385,15295
385,9618
385,10385
385,13908
385,13717
385,14425
385,17734
385,14175
385,13167
385,628
385,10332
385,5841
385,11047
385,11473
385,538
385,3058
385,18421
385,17506
385,10050
385,4148
385,13919
385,7293
385,3862
386,4439
386,9835
386,11860
386,2361
386,450
388,2742
388,5470
388,4183
388,10640
388,2689
389,10447
389,9585
389,5549
390,4590
390,817
390,8769
390,8396
390,14633
392,12288
392,16999
393,17144
394,2768
394,14587
394,13017
394,1806
394,16276
394,13643
394,8233
394,7991
394,11871
395,15851
395,10121
395,6594
396,6448
397,12288
397,16999
398,14445
398,6107
398,16413
398,15145
398,15460
399,12974
399,4319
400,8896
401,12288
401,16999
401,3124
402,12288
402,16999
402,3124
403,16812
404,3143
404,3969
404,7426
405,5400
406,15851
406,10121
406,6594
407,14658
407,7092
407,7430
407,17695
407,14712
407,12356
408,3143
408,7914
408,7789
408,14750
408,15029
408,13568
408,735
408,2696
408,7405
408,2612
409,12288
409,16999
409,3124
410,3442
411,2980
411,15295
411,9618
411,10385
411,13908
411,13717
411,14425
411,17734
411,14175
411,13167
411,628
411,10332
411,5841
411,11047
411,11473
411,538
412,14277
412,4116
412,15523
412,9845
413,18269
414,945
414,14445
414,210
414,5549
414,2933
415,11428
415,9504
415,12494
416,10701
416,7182
417,12875
417,5372
418,14277
418,4116
418,6394
418,15523
418,16055
420,7635
420,10878
421,15486
421,6333
421,14728
421,4741
422,9010
422,5530
422,18098
423,16999
424,7697
424,13922
424,14325
424,11641
425,1958
426,14382
427,14295
428,12288
428,16999
428,3124
429,12003
429,18789
429,7137
429,16999
429,15000
431,15094
431,7635
431,14790
431,14255
431,9142
431,6835
432,6181
433,5530
434,4171
434,5225
434,7843
435,18246
435,15427
435,15460
435,1583
435,642
435,14957
436,11563
436,9822
436,6497
436,13992
436,1432
436,2372
436,252
436,17115
436,16768
436,14247
436,8003
437,16153
437,9345
437,9808
437,14521
438,16153
438,8530
438,18114
439,4439
439,9835
439,17341
440,17989
440,6912
441,6428
441,18789
442,3087
442,9339
443,5530
444,554
444,17487
444,2815
445,13503
445,7294
445,3635
445,6237
445,8030
445,12334
445,1230
445,537
445,7448
445,7848
445,2073
445,5234
445,16769
445,6411
445,8757
446,16768
446,12374
446,18570
447,2034
447,1429
447,17326
447,1794
447,10536
448,12288
448,14445
448,16999
448,2933
449,4858
449,15910
450,4439
450,9835
450,16634
450,14853
450,17341
450,3876
451,14277
451,4116
451,15523
451,9845
451,1625
452,7137
452,15145
452,1188
452,3143
452,15151
452,18497
453,12288
453,16999
454,3143
454,4439
454,9835
454,11860
454,2361
454,5018
454,1584
454,4321
454,11956
454,12356
454,10397
454,13134
454,10236
454,17463
454,17222
454,4724
454,8081
455,18269
455,9262
455,8194
456,17635
456,6304
457,13789
457,7593
457,4741
457,13357
457,4098
457,15041
458,14445
458,9308
458,5527
458,15460
458,7137
458,15145
458,1188
459,13418
460,11237
461,6181
462,18112
462,10784
463,7981
463,2616
463,14159
463,14942
463,12630
463,16136
463,13410
463,15690
463,12328
463,6337
464,18112
464,12998
464,10011
465,6448
465,15401
466,12003
466,14445
466,6107
466,16413
466,13429
466,15460
467,9896
468,13418
468,1006
469,9683
469,8854
470,4075
470,8599
470,4839
470,7563
470,2791
470,11760
471,17635
472,3442
473,11249
473,15851
473,10121
473,3575
473,12673
473,12003
473,14445
473,6107
473,9308
473,98
473,17635
473,16413
473,10524
473,7137
473,7245
473,6594
473,14898
473,15145
473,5527
473,13429
473,11967
473,15460
473,2933
473,2481
473,9402
473,210
473,6774
473,5839
473,7667
473,2470
474,10053
476,17341
476,7635
477,15453
477,2133
477,1006
477,13751
477,8769
478,12288
478,16999
479,11249
479,15851
479,10121
479,6428
479,3575
479,10625
479,12288
479,12673
479,12003
479,14445
479,210
479,6107
479,9308
479,98
479,17635
479,16413
479,10524
479,4951
479,7137
479,7245
479,6594
479,14898
479,15145
479,5527
479,3874
479,13429
479,11967
479,8354
479,15460
479,2933
479,2481
479,9402
481,8779
482,450
483,4951
485,3143
485,12186
485,4996
485,7137
485,15145
485,1203
485,1188
486,11647
486,16734
486,9330
487,15486
487,15851
487,10121
487,13177
487,10447
487,4951
487,7245
487,9585
487,8354
487,5549
487,9063
487,16694
487,13658
487,12003
487,14898
487,6107
487,18045
487,3118
487,6228
487,1696
487,15560
487,15427
487,9049
488,581
488,7066
488,7092
488,7430
488,17695
488,3780
488,14712
488,2320
488,8912
488,17156
489,945
489,10121
489,210
489,15460
490,6428
490,17635
490,1927
490,5363
490,13852
490,15705
490,10802
490,296
491,16036
491,17977
491,12926
491,18357
491,6417
491,3929
491,10563
491,7565
491,4388
491,12188
491,8516
491,16259
491,3559
491,7575
491,14398
491,18285
491,10818
491,18624
491,15031
491,7765
491,4083
491,3509
491,420
491,13515
491,8785
491,11021
491,12523
491,1078
491,11832
491,9147
491,17287
491,2015
491,1602
491,10688
491,3393
491,3116
491,5782
491,11706
491,2302
491,16965
491,14132
491,1068
491,9293
491,9553
491,4827
491,16915
491,8431
491,10651
491,5324
491,2566
491,4277
491,13153
491,5731
491,7477
491,12943
491,5714
491,4665
491,10430
491,9642
491,12014
492,3937
492,12298
493,4439
493,17341
494,9513
496,10701
496,18075
497,9835
499,6394
500,10701
501,4192
501,12003
501,6107
501,4951
501,14898
501,3874
501,8354
501,15187
501,10333
501,5453
501,7488
502,9158
502,9328
502,11906
502,12132
503,17635
504,18291
505,11249
505,12288
505,16999
505,12003
505,14898
505,6107
506,4906
507,12003
507,2302
508,10086
508,18789
508,16413
508,9899
508,15000
508,14572
508,2504
508,18689
508,18045
508,3118
508,6228
508,1696
508,15560
508,15427
508,9049
509,1006
510,15851
510,10121
510,12673
510,98
510,7789
510,2616
510,7137
510,6594
510,15145
510,11864
510,1188
510,14942
510,12328
510,7405
510,2612
511,11131
512,13418
512,13810
512,7562
512,10397
512,5018
512,12356
513,2980
513,15295
513,9618
513,10385
513,13908
513,13717
513,14425
513,17734
513,14175
513,13167
513,628
513,10332
513,5841
513,11047
513,11473
513,538
514,4439
514,9835
514,1756
514,17341
514,11860
514,7635
516,11864
516,2696
517,15851
517,10121
517,12288
517,12673
517,14445
517,98
517,17635
517,16413
517,4951
517,7245
517,6594
517,16999
517,8354
517,15460
517,3309
517,7137
517,15145
517,1188
517,12003
517,14898
517,6107
519,14298
519,7279
521,9550
521,16368
521,17103
522,17635
523,18061
523,14658
523,7430
523,17695
523,10817
523,14371
523,6175
523,14712
523,13526
523,4214
523,8912
523,12514
523,12290
523,11660
523,14886
524,15851
524,3143
524,10121
524,4996
524,6594
524,12995
524,7051
524,14857
525,18159
525,10053
526,9835
527,15187
528,2997
528,3087
528,8194
530,10631
530,14636
531,15851
531,10121
532,7981
533,15196
533,11586
534,8854
535,916
535,10447
535,9585
535,5549
536,9835
536,6933
537,3990
539,4951
539,3874
539,8354
539,10333
539,5453
539,2163
540,5164
540,6000
540,17399
541,707
542,15029
543,1971
543,6907
544,14277
544,4116
544,16055
544,2506
544,15029
545,17635
545,4951
545,3874
545,8354
546,15000
547,18061
547,581
547,7066
547,5772
547,7092
547,7430
547,17695
547,14382
547,10817
547,11341
547,14712
547,10769
547,4214
547,12514
547,12290
547,13627
547,17529
547,2352
548,2980
548,15295
548,9618
548,10385
548,13908
548,13717
548,14425
548,17734
548,14175
548,13167
548,628
548,10332
548,5841
548,11047
548,11473
548,538
549,9518
549,3087
550,4439
550,15228
550,3526
550,7789
550,13532
550,16768
550,6955
550,11353
550,12831
550,18579
551,5400
552,16153
552,9345
552,9808
552,8530
552,8785
552,14521
552,18114
552,5912
552,7758
553,7066
553,5392
553,7092
553,2249
553,18797
553,3778
553,8769
553,4253
554,7635
555,17635
556,8071
556,6599
556,10704
557,15295
557,13908
557,10385
557,9618
557,13717
557,2980
557,4467
557,4967
557,1583
557,642
558,3143
558,12186
558,7981
558,2616
558,15151
558,17374
558,1203
558,11864
558,18497
558,2506
559,2256
560,6667
561,18061
561,17695
563,6869
563,1432
563,14295
563,9413
563,8941
563,2506
563,8758
563,9518
563,11104
564,450
565,617
565,7380
565,15094
565,7635
566,6907
567,4439
567,11860
568,4951
568,3874
568,8354
569,2997
569,16153
569,3087
569,8530
569,18114
569,433
569,8194
570,2042
570,14081
571,11011
572,6427
573,14247
574,9010
574,7148
574,18098
574,18340
574,6029
575,10633
575,3169
575,4267
575,9862
575,16526
575,3509
575,5774
575,12207
575,8983
576,7649
577,2545
578,18269
579,4183
579,10640
579,17618
580,17988
581,9262
582,4951
582,3874
583,2768
583,14587
583,16276
583,13643
584,17635
585,4951
585,9585
585,8354
585,15551
585,18045
585,3118
585,6228
585,1696
585,15560
585,15427
585,9049
586,3143
586,5401
586,11237
586,13942
587,16634
587,14853
588,1978
588,13400
588,17737
588,9791
589,10121
589,8177
589,4951
589,6594
589,3874
589,8354
589,8003
589,3496
589,8221
589,15950
589,16694
589,14296
589,1315
589,4996
589,13223
589,10574
589,2173
589,11211
589,12813
589,9326
589,6082
590,18269
591,10121
592,4994
592,4613
593,7635
594,15239
595,7137
595,15145
595,1188
596,11249
596,12003
596,14445
596,6107
596,9308
596,17635
596,16413
596,7137
596,7245
596,14898
596,15145
596,5527
596,13429
596,11967
596,15460
597,14445
597,16990
597,11967
597,2933
598,11435
599,2980
599,15295
599,9618
599,10385
599,13908
599,13717
599,14425
599,17734
599,14175
599,13167
599,628
599,10332
599,5841
599,11047
599,11473
599,538
600,16462
600,444
600,13942
600,13400
600,10004
600,5910
602,10633
602,6076
602,17342
602,18411
602,4135
602,13418
602,15554
602,16937
602,9899
602,9935
602,13739
602,5248
602,13627
602,16695
602,4440
602,16287
602,5512
602,1437
602,15654
602,2780
602,16009
602,4321
602,17153
603,1745
604,10121
604,6594
605,18789
605,15000
605,8003
606,2997
606,9809
606,6959
606,14220
606,3206
606,3992
606,289
606,12187
606,4281
606,4070
606,8153
607,16734
607,13724
608,16027
609,17341
609,7635
609,5018
609,9045
610,10719
610,2744
610,11237
612,18112
612,13418
612,10784
612,13031
612,6657
613,11249
613,10121
613,10625
613,12003
613,14445
613,210
613,9308
613,18640
613,17635
613,16413
613,4951
613,7137
613,7245
613,5527
613,3874
613,13429
613,8354
613,15460
613,2980
613,2933
613,2481
613,15295
613,9618
613,10385
613,13908
613,13717
613,14425
613,17734
613,14175
613,13167
613,628
613,10332
613,5841
613,11047
613,11473
613,538
613,15145
613,1188
613,14898
613,6107
613,6594
613,15851
613,98
613,12673
614,18112
614,10784
615,10011
616,8697
617,9518
617,3087
618,14159
619,12003
619,6107
619,7789
619,7137
619,14898
619,15145
619,16999
619,1188
620,14609
621,11782
624,18112
624,10784
625,14445
625,4951
625,3874
626,15159
627,11249
627,9835
627,12003
627,15145
628,13760
628,2243
628,1929
628,8984
628,9682
628,1798
629,3500
629,7199
630,6873
631,11967
631,2933
632,9835
633,18112
633,10784
634,10857
634,4910
634,1902
635,1436
636,9005
636,9720
637,2545
638,17144
640,18843
640,5317
640,1390
640,17664
640,1851
641,17773
641,3148
642,10784
643,12920
643,15925
644,9518
644,3087
645,9192
646,17744
646,9665
646,1983
646,10348
646,1759
646,17202
646,3878
646,2405
646,9943
646,6570
646,15003
646,15834
646,416
646,8545
646,9166
646,13706
646,1949
646,6188
646,16946
646,3456
646,74
646,8300
646,12085
646,2732
646,13889
646,11393
646,12557
647,1978
647,444
648,1745
649,14822
649,3154
649,561
649,5038
649,6386
649,14825
649,15940
650,18411
650,4632
650,9793
650,18819
650,1483
651,15851
651,3143
651,10121
651,6428
651,10625
651,12673
651,14445
651,18640
651,98
651,17635
651,16413
651,4951
651,7137
651,7245
651,6594
651,15145
651,1188
651,8354
651,2481
653,11249
653,3143
653,16413
653,7137
653,15145
653,15460
655,581
655,7066
655,7430
656,17989
656,8599
656,6912
657,6907
658,14909
658,6907
659,14936
660,14936
661,16413
661,5527
661,15460
662,14938
662,11011
663,2173
663,14678
664,11131
664,9804
665,9237
665,9129
666,4319
666,4741
668,11153
668,12705
668,4942
669,4439
669,2361
670,18789
670,5401
670,15000
671,4996
672,2980
673,15910
675,16413
675,4951
675,13429
675,8354
675,15460
675,2481
675,11249
675,3575
676,8177
676,916
676,10447
676,4951
676,9585
676,15427
676,16175
676,8354
676,5549
676,1583
676,13378
676,642
676,5099
676,14957
676,15636
676,9342
676,1777
676,1481
676,9979
676,9202
676,2752
676,8891
678,4192
678,15460
680,3143
680,3496
680,4996
680,5018
680,16694
680,14296
680,10574
680,11211
680,2980
680,15295
680,9618
680,10385
680,13908
680,13717
680,14425
680,17734
680,14175
680,13167
680,628
680,10332
680,5841
680,11047
680,11473
680,538
680,2616
680,12328
680,13410
680,12630
680,7981
680,14942
680,15690
680,16136
680,7914
681,4439
681,2361
681,15547
681,4384
682,18112
682,10784
683,12974
684,17773
684,3148
685,16153
685,9345
685,9808
685,8530
685,14521
685,18114
685,241
685,6080
685,16660
686,1958
687,6667
688,14665
689,11249
689,15851
689,10121
689,3575
689,12673
689,12003
689,14445
689,210
689,6107
689,9308
689,98
689,17635
689,16413
689,10524
689,7137
689,7245
689,6594
689,14898
689,15145
689,5527
689,13429
689,11967
689,15460
689,2933
689,2481
690,8177
690,10447
690,5549
691,4192
691,12003
691,7137
691,3874
692,4439
692,11860
692,2361
693,12913
693,11934
693,1443
693,7119
693,17517
693,6959
693,4613
694,16990
694,11967
694,2933
695,4116
695,7968
696,11237
696,9287
698,13692
699,13724
700,15851
700,10121
700,6594
702,8697
702,7697
702,6337
703,4439
703,9835
703,14159
704,6667
705,18640
705,16413
705,4951
705,7245
705,13429
705,8354
705,2481
705,12805
705,4713
706,14728
707,2815
707,8270
708,10563
708,11832
708,16799
708,4277
708,4665
708,10333
708,5453
709,17635
710,7137
711,10719
711,2744
711,8962
711,11666
712,9835
712,15460
713,9825
713,13009
713,2594
714,10121
714,14445
714,17635
714,16413
714,4951
714,7245
714,3874
714,8354
714,15460
714,7137
714,15145
714,1188
714,12003
714,14898
714,6107
715,210
715,18045
715,15460
715,13658
715,2980
715,15295
715,9618
715,10385
715,13908
715,13717
715,14425
715,17734
715,14175
715,13167
715,628
715,10332
715,5841
715,11047
715,11473
715,538
715,3118
715,6228
715,1696
715,15560
715,15427
715,9049
715,6438
715,38
715,11219
715,15111
715,1240
716,16413
716,15460
717,13233
718,15851
718,10121
718,98
718,6594
720,16125
721,12913
721,11934
722,6193
722,17789
723,8962
723,16176
723,11666
723,16371
724,6912
725,4439
725,9835
725,11860
725,2361
725,5018
725,1584
725,11294
725,11747
725,15908
726,10333
726,5453
727,2263
728,4319
728,6667
728,4741
728,6337
728,7095
729,4192
729,4951
729,15145
729,3874
729,15187
729,7137
729,1188
729,12003
729,14898
729,6107
730,1211
730,15127
730,8298
731,9513
732,14938
732,5018
732,11011
732,7399
733,12003
733,18640
733,11967
733,2933
734,15156
735,18789
735,15000
735,642
735,8113
737,2794
738,11249
738,16413
738,15460
739,11330
739,7817
740,11237
741,10784
741,2249
741,18205
742,7649
743,2616
743,11864
743,14942
743,12630
743,12328
743,2095
744,6181
745,11647
745,89
746,14728
747,14678
747,2980
747,15295
747,9618
747,10385
747,13908
747,13717
747,14425
747,17734
747,14175
747,13167
747,628
747,10332
747,5841
747,11047
747,11473
747,538
747,18045
747,3118
747,6228
747,1696
747,15560
747,15427
747,9049
748,9835
750,15077
750,7137
750,15145
750,1188
750,12003
750,14898
750,6107
751,15851
751,10121
751,12673
751,98
751,6594
752,2980
752,15295
752,9618
752,10385
752,13908
752,13717
752,14425
752,17734
752,14175
752,13167
752,628
752,10332
752,5841
752,11047
752,11473
752,538
753,7649
754,9264
754,6388
754,11574
754,2140
754,14714
754,6534
755,1240
755,4439
755,1635
755,11219
755,6438
755,17341
755,38
755,5018
755,14425
755,14175
756,11249
756,15851
756,3143
756,10121
756,3575
756,10625
756,14445
756,9308
756,7789
756,17635
756,16413
756,7137
756,7245
756,15145
756,5527
756,13429
756,15460
756,2481
756,3309
756,1188
756,12003
756,14898
756,6107
756,13942
756,14857
756,18640
757,779
757,14951
758,9518
758,2506
759,11319
759,4996
760,4439
760,3496
760,5018
761,3254
761,12060
761,5438
761,17842
762,10447
762,9585
762,5549
763,10563
764,11249
764,9835
764,7789
764,16413
764,7245
764,15460
765,18112
765,3087
765,13418
765,10784
766,7022
767,7137
767,15145
767,1188
768,14277
768,4116
768,6394
768,15523
768,15029
769,15486
769,5925
769,6333
769,1978
769,4492
769,14221
769,8787
769,9894
769,10053
769,10925
769,5718
769,3024
769,6552
769,10728
769,2612
769,7405
769,5176
769,444
769,13400
769,9791
769,17737
769,12367
769,2364
769,14728
769,4211
769,16462
769,12906
769,10225
769,16168
769,8666
769,7067
769,9480
769,18052
769,17808
770,4951
770,3874
770,8354
772,14277
772,4116
772,9682
772,15523
773,10701
773,11342
774,14679
775,16130
776,6510
776,16102
777,12288
777,16999
778,2616
778,12630
778,13410
778,12328
779,15295
779,13908
779,9618
779,18135
779,2980
780,11647
781,2875
781,2997
781,3087
781,12288
781,16999
781,3124
781,3143
781,15151
781,18497
781,2616
781,12328
781,13410
781,12630
781,7981
781,14942
781,15690
781,16136
781,9504
781,11428
781,18471
782,7593
782,4242
782,4109
782,4741
782,13357
782,3344
782,14793
782,4098
782,8964
782,13789
782,9029
783,2980
783,15295
783,9618
783,10385
783,13908
783,13717
783,14425
783,17734
783,14175
783,13167
783,628
783,10332
783,5841
783,11047
783,11473
783,538
784,8221
786,4996
786,6337
787,8854
787,5018
788,18843
788,5722
789,9063
789,15033
789,9565
789,5500
789,8562
790,8941
792,8697
792,12167
792,8889
793,16160
793,17301
793,3292
793,18256
793,1267
794,12356
794,13134
795,2980
795,15295
795,9618
795,10385
795,13908
795,13717
795,14425
795,17734
795,14175
795,13167
795,628
795,10332
795,5841
795,11047
795,11473
795,538
796,9808
796,14521
797,4135
797,9518
799,9805
799,14957
799,16094
799,14362
799,13492
799,3655
800,8602
800,1821
800,16363
800,13847
800,157
800,18354
801,3254
801,12060
801,5293
801,15382
802,14445
802,16990
802,11967
802,2933
803,3874
804,2980
804,15295
804,9618
804,10385
804,13908
804,13717
804,14425
804,17734
804,14175
804,13167
804,628
804,10332
804,5841
804,11047
804,11473
804,538
805,6193
807,450
809,16153
809,9345
809,9808
809,4914
809,8530
809,14521
809,18114
810,16841
810,12995
810,7051
810,10581
810,10471
810,9339
810,2083
810,3072
810,7296
810,10350
810,228
810,16595
810,243
810,6724
810,4653
810,3071
811,9805
812,15851
812,10121
812,98
812,6594
813,8997
813,2616
813,12328
813,13410
813,12630
813,7981
813,14942
813,15690
813,16136
813,7914
814,11452
814,9515
815,16645
815,9489
815,10463
817,11249
817,15851
817,10121
817,10625
817,12673
817,12003
817,14445
817,210
817,6107
817,9308
817,98
817,17635
817,16413
817,10524
817,7137
817,7245
817,6594
817,14898
817,15145
817,5527
817,13429
817,11967
817,3908
817,15460
817,2933
817,18707
817,2481
819,1756
819,18256
819,1267
820,2987
821,10878
822,5336
822,5500
823,17635
823,6594
824,3478
824,9968
825,18112
825,10784
826,6562
826,15977
826,5941
826,1978
826,3738
826,540
826,10220
826,17737
826,10378
826,491
826,12213
826,10912
826,697
826,16767
826,3842
826,13939
827,9518
827,3087
828,455
828,15158
829,854
829,7193
829,7613
829,16391
829,6570
830,13418
830,10784
830,7246
830,8380
831,3143
831,12288
831,16999
832,7724
832,13933
832,515
832,10979
832,2814
832,18003
832,4280
832,13601
834,15295
834,13908
834,10385
834,9618
834,13717
834,2980
834,14425
834,17734
834,14175
834,13167
834,628
834,10332
834,5841
834,11047
834,11473
834,538
836,2980
836,15295
836,9618
836,10385
836,13908
836,13717
836,14425
836,17734
836,14175
836,13167
836,628
836,10332
836,5841
836,11047
836,11473
836,538
837,1978
837,13400
837,17737
837,9791
838,2616
838,12630
838,13410
838,12328
838,7137
838,15145
838,1188
838,12003
838,14898
838,6107
839,5915
839,10704
839,8010
840,7789
840,7137
840,3908
840,15460
840,735
840,16365
841,2980
841,15295
841,9618
841,10385
841,13908
841,13717
841,14425
841,17734
841,14175
841,13167
841,628
841,10332
841,5841
841,11047
841,11473
841,538
842,12003
842,17635
842,16413
842,7245
842,9585
842,7137
842,15145
842,1188
842,5240
843,3143
843,4996
843,1315
843,6197
844,4996
845,15486
845,5925
845,6333
845,14221
846,1103
846,16658
846,16320
847,9835
847,5018
847,6337
848,3706
849,11452
849,9515
849,16330
850,18593
851,4951
851,7137
851,15145
852,7635
853,3254
854,4541
855,9237
856,9518
857,11249
857,3575
857,12003
857,14445
857,6107
857,9308
857,18640
857,16413
857,7137
857,7245
857,14898
857,15145
857,5527
857,13429
857,11967
857,1188
857,15460
857,2933
858,17341
859,8314
860,2997
860,16153
860,3087
860,8530
860,18114
860,5018
860,8194
861,89
862,9815
863,5018
863,1745
864,14425
864,4934
865,3087
865,10333
866,17342
866,17745
866,18832
866,7468
866,11121
866,3791
866,9749
866,203
866,12074
866,2882
866,7784
866,18707
866,13103
866,4930
866,12308
866,7442
866,12475
866,4089
866,8856
866,7772
866,9451
866,1834
866,10383
866,8896
866,8377
866,10040
866,13886
866,16997
866,1517
866,18540
866,12231
866,13685
866,18165
866,18459
866,4667
866,5981
866,18783
866,6372
866,967
866,17517
866,9176
867,18112
867,2997
867,3087
867,10784
867,1400
867,602
867,10552
867,433
867,8194
867,9063
868,2249
868,11121
868,6000
868,17399
868,13886
868,12612
868,5622
870,17904
870,17479
870,460
871,11046
871,8008
871,3645
871,7309
872,4590
872,5018
873,2675
873,3000
874,9518
874,10011
874,2506
875,5625
875,15156
875,15802
876,16846
876,6422
877,9518
877,10011
878,2013
879,18112
879,10784
880,15029
882,1902
883,17977
883,18357
883,4414
883,17745
883,16259
883,14398
883,8785
883,12749
883,18522
883,18215
883,10688
883,13510
883,17451
884,10447
884,9585
884,5549
885,2980
885,15295
885,9618
885,10385
885,13908
885,13717
885,14425
885,17734
885,14175
885,13167
885,628
885,10332
885,5841
885,11047
885,11473
885,538
886,6907
887,9896
888,6907
889,11647
889,89
889,5142
889,6300
890,6526
890,759
890,11906
890,3731
890,9043
891,4439
892,14445
892,16990
892,11967
892,2933
893,3143
893,12288
893,4996
893,16999
